DataFrame,Korelasi
df1,0.5893156789637571
df2,0.6281305235521003
df3,0.5755071404071057
df4,0.5838262829401395
df5,0.6128615366563164
df6,0.6178159330557802
df7,0.5692870567756539
df8,0.6095994778884721
df9,0.5668816623811002
df10,0.570747197885945
df11,0.6050343346046054
df12,0.6184088509621647
