year,NO2,PM10,PM2.5,SO2,CO,O3,TEMP,PRES,DEWP,RAIN,WSPM
2013,41.66500367647059,95.14508442265796,75.74645969498911,15.083344281045752,1241.772739651416,55.85108540305011,15.53510348583878,1010.492061546841,5.552192265795207,0.06482843137254903,1.810893246187364
2014,46.82639269406393,111.62091324200912,85.19099315068493,17.699406392694062,1173.1735159817351,57.89946347031963,13.838949771689498,1012.5073173515981,2.437796803652968,0.05089041095890411,1.7396118721461187
2015,43.09730593607306,100.41277968036529,81.45611872146118,10.454297945205479,1188.4075342465753,51.66754566210046,13.251329908675798,1013.52449944652,2.6761643835616438,0.07629566210045663,1.7743550228310503
2016,42.540642076502735,88.04724499089254,72.2235883424408,9.566541438979964,1099.9487704918033,53.70042122040073,13.390331383540058,1013.5357974094312,2.1782274590163935,0.0620787795992714,1.8788251366120217
2017,55.60734463276836,106.85275423728814,95.26129943502825,21.213629943502823,1789.795197740113,41.98199152542373,-0.015327969464622004,1024.268032015066,-13.256744350282485,0.002612994350282486,1.9795197740112995
