year,NO2,PM10,PM2.5,SO2,CO,O3,TEMP,PRES,DEWP,RAIN,WSPM
2013,61.51469085199345,112.55821078431373,81.49829793028323,17.508020642701524,1341.74026416122,55.7814924291939,15.9328227124183,1006.101075708061,5.48146105664488,0.07000272331154685,1.0319240196078432
2014,62.42446347031964,134.78142694063928,90.54912100456622,21.290102739726027,1442.1632420091323,60.25313926940639,14.43166095890411,1008.8798401826484,2.944326484018265,0.03689497716894977,1.1137671232876714
2015,49.58827054794521,116.3669292237443,83.68505136986302,13.338264840182648,1323.1449771689497,60.77953767123287,14.027482654331964,1009.1572492291097,3.127619863013699,0.08068493150684931,1.1121118721461187
2016,49.77726548269581,111.11851092896175,77.43744307832422,10.204121129326047,1170.952868852459,59.5228825136612,13.547227693027436,1009.1474334649362,2.0176457194899817,0.0807377049180328,1.9060906193078322
2017,62.31991525423729,126.4375,100.96998587570621,20.58792372881356,1804.837570621469,28.92478813559322,0.3735998655988794,1018.8223634651602,-14.117514124293786,0.002754237288135593,2.3263418079096043
