year,NO2,PM10,PM2.5,SO2,CO,O3,TEMP,PRES,DEWP,RAIN,WSPM
2013,53.17460603894335,108.31270424836602,83.21017156862744,18.202908769063182,1311.6497140522877,55.1591473583878,15.963657407407409,1009.8287581699346,5.152369281045751,0.05797930283224401,1.8038126361655775
2014,56.15924086757991,114.88952625570776,86.68987442922375,19.77167808219178,1338.5901826484019,56.66422374429224,13.88115296803653,1012.5342237442924,2.604429223744292,0.054212328767123286,1.8200456621004566
2015,52.020753424657535,102.86367579908676,82.0764497716895,11.804817351598173,1302.3744292237443,60.36287671232877,13.428636660143493,1012.7933808980592,2.6879337899543376,0.07286529680365296,1.934566210045662
2016,49.94865664845173,97.27123178506375,73.80111566484517,8.946948998178506,1196.1634790528233,55.540926684881605,13.87196230249082,1012.8223199377655,2.299920309653916,0.07970173041894353,1.8593408469945356
2017,63.94597457627118,125.86087570621469,97.91737288135593,14.051553672316384,1762.3587570621469,35.775776836158194,0.664779013653484,1023.6125235404896,-13.182697740112994,0.0031073446327683617,1.9615466101694916
