year,NO2,PM10,PM2.5,SO2,CO,O3,TEMP,PRES,DEWP,RAIN,WSPM
2013,55.95006616966231,111.19505718954248,83.78458605664488,21.781022875816994,1411.2352260348584,52.65836658496732,15.854153050108932,1007.2127859477124,5.750027233115468,0.06518246187363834,1.584123093681917
2014,61.79756849315068,127.157100456621,90.482100456621,23.190182648401827,1442.2602739726028,56.443812785388126,14.29263698630137,1010.9611301369863,3.0128424657534247,0.04906392694063927,1.588150684931507
2015,52.72937214611872,111.19897260273973,84.27623287671233,14.384965753424657,1364.2294520547946,59.25157534246575,13.563499673842122,1012.4140886606164,2.82087899543379,0.07318493150684932,1.8888641552511416
2016,50.18311703096539,98.81528916211293,78.11293260473589,10.63547358834244,1224.077868852459,58.31841985428051,13.87196230249082,1012.8223199377655,2.299920309653916,0.07970173041894353,1.8593408469945356
2017,64.215395480226,121.67655367231639,106.26235875706215,18.565324858757062,1739.6186440677966,34.106285310734464,0.664779013653484,1023.6125235404896,-13.182697740112994,0.0031073446327683617,1.9615466101694916
