year,NO2,PM10,PM2.5,SO2,CO,O3,TEMP,PRES,DEWP,RAIN,WSPM
2013,35.07620207652506,98.5091911764706,68.61914488017429,18.2959720043573,988.4088371459695,64.2565729711329,14.660334967320262,1004.994362745098,5.1238970588235295,0.07233115468409587,1.4562908496732025
2014,37.039566210045656,99.87736301369863,77.14348744292236,17.582237442922374,1070.9817351598174,68.10875,12.800468036529681,1007.494149543379,2.121643835616438,0.05292237442922375,1.5859988584474887
2015,28.316706621004567,90.1655593607306,70.5001484018265,8.66283105022831,1038.7842465753424,60.6406906392694,12.408231409001957,1007.8996599804306,2.4495890410958907,0.08078767123287672,1.7345433789954339
2016,27.27863160291439,82.2662795992714,60.919626593806925,6.638091985428051,927.9770036429873,53.35325591985428,12.413948037738168,1007.9060864179461,2.2301058743169397,0.07678734061930784,1.76610883424408
2017,38.85699152542373,91.704802259887,73.86581920903954,9.780367231638419,1314.9717514124293,46.62535310734463,-1.1813552596179715,1018.3211704667743,-13.74611581920904,0.0039548022598870055,1.8759533898305083
