year,NO2,PM10,PM2.5,SO2,CO,O3,TEMP,PRES,DEWP,RAIN,WSPM
2013,63.35549973447713,112.94083605664488,82.43920206971677,23.599799237472766,1163.9194580610022,47.206554861111115,15.497739651416122,1008.200408496732,6.465400326797385,0.0715822440087146,1.532992919389978
2014,63.16405251141552,122.28211187214612,89.74760273972603,21.515582191780823,1186.7180365296804,48.59404109589041,13.878127853881278,1011.3180821917808,4.162203196347032,0.056609589041095885,1.47689497716895
2015,60.93904680365297,112.17674657534248,81.83172374429223,14.354195205479453,1436.8892694063927,63.60413242009132,13.474686888454011,1012.5718569254186,2.731900684931507,0.07267123287671233,1.8953938356164386
2016,48.40249316939891,94.44581056466302,74.23668032786885,10.833731785063753,1190.2151639344263,61.85479280510018,13.87196230249082,1012.8223199377655,2.299920309653916,0.07970173041894353,1.8593408469945356
2017,66.2295197740113,106.98834745762711,94.3792372881356,20.827330508474578,1666.454802259887,47.43608757062147,0.664779013653484,1023.6125235404896,-13.182697740112994,0.0031073446327683617,1.9615466101694916
