year,NO2,PM10,PM2.5,SO2,CO,O3,TEMP,PRES,DEWP,RAIN,WSPM
2013,58.866182346132895,108.94907407407408,81.65189270152506,21.859391721132898,1132.745029956427,54.12063898420479,15.497739651416122,1008.200408496732,6.465400326797385,0.0715822440087146,1.532992919389978
2014,64.34317922374429,116.12340182648401,88.52737442922376,23.133561643835616,1362.357305936073,54.682477168949774,13.878127853881278,1011.3180821917808,4.162203196347032,0.056609589041095885,1.47689497716895
2015,54.92195776255708,106.32106735159817,82.13018264840183,14.073578767123289,1313.7043378995434,56.84261415525114,13.474686888453995,1012.5718569254567,2.731900684931507,0.07267123287671233,1.8953938356164386
2016,53.45998406193078,104.92702641165756,77.13251366120218,11.484517304189435,1168.1693989071039,54.97671903460838,13.87196230249082,1012.8223199377655,2.299920309653916,0.07970173041894353,1.8593408469945356
2017,64.92090395480226,116.2552966101695,95.0388418079096,21.259180790960453,1482.768361581921,45.742231638418076,0.664779013653484,1023.6125235404896,-13.182697740112994,0.0031073446327683617,1.9615466101694916
