year,NO2,PM10,PM2.5,SO2,CO,O3,TEMP,PRES,DEWP,RAIN,WSPM
2013,28.77613087033506,78.88494008714596,65.20098039215686,13.955577777777778,940.0356072984749,64.54938596132898,15.961397058823529,1004.9574891067538,4.471881808278867,0.06606753812636165,1.6476851851851853
2014,27.365045662100457,91.55486491628615,75.64300608828006,14.872983257229832,890.734398782344,72.76268074581431,14.172511415525113,1008.1536643835616,1.0372602739726027,0.03788812785388128,1.8686415525114155
2015,26.821221461187214,85.37461567732116,64.35312404870625,11.322507610350076,963.9345509893454,71.16648592085235,13.567625570776254,1007.8825456621004,1.781101598173516,0.0823744292237443,1.8424657534246576
2016,25.37511384335155,80.70770719489981,61.701218123861565,7.166040528233151,870.8105646630237,75.36492486338798,13.499471039275956,1007.9189207650275,1.6602515938069216,0.06527777777777778,1.9822632058287797
2017,34.271186440677965,78.52648305084746,68.28177966101696,13.25635593220339,1157.0621468926554,53.824858757062145,0.40797324791498524,1018.3918314500941,-14.107697740112995,0.0014124293785310734,2.1307203389830507
