year,NO2,PM10,PM2.5,SO2,CO,O3,TEMP,PRES,DEWP,RAIN,WSPM
2013,40.96052697440087,91.17667483660131,72.39324618736383,19.134785130718953,1022.9787581699346,61.13238455882353,15.961397058823529,1004.9574891067538,4.471881808278867,0.06606753812636165,1.6476851851851853
2014,45.96800228310502,107.61141552511415,79.88199771689499,21.250228310502283,1229.9714611872146,63.01923515981735,14.172511415525113,1008.1536643835616,1.0372602739726027,0.03788812785388128,1.8686415525114155
2015,42.72594178082192,93.27569634703197,68.83260844748858,11.698721461187215,1162.4315068493152,58.30737442922374,13.567625570776254,1007.8825456621004,1.781101598173516,0.0823744292237443,1.8424657534246576
2016,45.541268214936245,86.63211520947176,61.665698998178506,8.144125683060109,1129.764344262295,54.00261839708561,13.499471039516292,1007.9189207650275,1.6602515938069216,0.06527777777777778,1.9822632058287797
2017,51.014830508474574,94.15077683615819,79.80296610169492,16.431497175141242,1535.7697740112994,33.01059322033898,0.40797324791498524,1018.3918314500941,-14.107697740112995,0.0014124293785310734,2.1307203389830507
