year,NO2,PM10,PM2.5,SO2,CO,O3,TEMP,PRES,DEWP,RAIN,WSPM
2013,57.32724304193899,104.61921296296296,86.81447440087146,23.7055825708061,1324.754765795207,64.39487355664488,15.963657407407409,1009.8287581699346,5.152369281045751,0.05797930283224401,1.8038126361655775
2014,57.451141552511416,117.45198630136987,87.97930365296803,24.20906392694064,1379.9315068493152,56.930742009132416,13.88115296803653,1012.5342237442924,2.604429223744292,0.054212328767123286,1.8200456621004566
2015,50.32191210045662,112.11683219178082,87.12865867579909,15.202014840182647,1338.4988584474886,55.875062785388124,13.428636660143493,1012.7933808980592,2.6879337899543376,0.07286529680365296,1.934566210045662
2016,50.630009107468126,102.82906420765028,80.18055555555556,11.467326958105646,1236.4298724954463,57.57826730418944,13.87196230249082,1012.8223199377655,2.299920309653916,0.07970173041894353,1.8593408469945356
2017,57.89088983050848,131.80225988700565,102.22069209039547,20.364053672316384,1623.5522598870057,39.79025423728814,0.664779013653484,1023.6125235404896,-13.182697740112994,0.0031073446327683617,1.9615466101694916
