year,NO2,PM10,PM2.5,SO2,CO,O3,TEMP,PRES,DEWP,RAIN,WSPM
2013,68.54760625680828,112.36669389978213,91.48617919389979,23.615827668845316,1289.6285403050108,43.98104644607843,15.497739651416122,1008.200408496732,6.465400326797385,0.0715822440087146,1.5327614379084968
2014,75.74003424657533,131.2792123287671,90.37110730593608,25.061335616438356,1383.0022831050228,40.1731475913242,13.87840182648402,1011.311312785388,4.166894977168949,0.05657534246575343,1.475159817351598
2015,60.05902968036529,106.59822488584474,80.2281906392694,14.847174657534246,1327.8253424657535,51.62120433789954,13.352188791041531,1011.2619235159816,3.041095890410959,0.07245433789954338,1.485747716894977
2016,58.26018897996357,92.91353597449908,71.43311703096539,10.66672358834244,1232.3884335154828,53.182035519125684,13.41362327698991,1011.3110665224651,2.537693533697632,0.08333333333333333,1.465829918032787
2017,69.08651129943503,110.65007062146893,93.86687853107344,20.325918079096045,1799.7881355932204,35.7090395480226,0.41061234698681737,1022.5865348399248,-13.047175141242937,0.0029661016949152543,1.818396892655367
