year,NO2,PM10,PM2.5,SO2,CO,O3,TEMP,PRES,DEWP,RAIN,WSPM
2013,59.5182051538671,103.73508986928104,84.37799564270152,23.243093246187364,1294.8180147058824,56.01156440631809,15.963657407407409,1009.8287581699346,5.152369281045751,0.05797930283224401,1.8038126361655775
2014,62.296894977168954,127.22405251141552,91.99808219178081,24.876495433789955,1353.61301369863,59.28463470319635,13.88115296803653,1012.5342237442924,2.604429223744292,0.054212328767123286,1.8200456621004566
2015,58.24970890410959,106.98917237442923,85.17858447488585,15.809857305936074,1382.7739726027398,61.365702054794525,13.42863666014351,1012.7933808980214,2.6879337899543376,0.07286529680365296,1.934566210045662
2016,52.53876366120219,97.04678961748634,76.09653916211293,11.55686475409836,1209.3693078324227,60.21601775956284,13.87196230249082,1012.8223199377655,2.299920309653916,0.07970173041894353,1.8593408469945356
2017,58.2305790960452,119.6638418079096,101.02754237288136,20.606638418079097,1732.9449152542372,36.51624293785311,0.664779013653484,1023.6125235404896,-13.182697740112994,0.0031073446327683617,1.9615466101694916
